what,kind,bundleId,bundleVersion,description,time
deactivated,workbench,org.eclipse.ui.workbench,3.6.0.I20100603-1100,"",1289366523578
activated,workbench,org.eclipse.ui.workbench,3.6.0.I20100603-1100,"",1289366872781
deactivated,workbench,org.eclipse.ui.workbench,3.6.0.I20100603-1100,"",1289366908921
activated,workbench,org.eclipse.ui.workbench,3.6.0.I20100603-1100,"",1289369667796
activated,workbench,org.eclipse.ui.workbench,3.6.0.I20100603-1100,"",1289369669984
deactivated,workbench,org.eclipse.ui.workbench,3.6.0.I20100603-1100,"",1289369670703
activated,workbench,org.eclipse.ui.workbench,3.6.0.I20100603-1100,"",1289374559953
activated,view,org.eclipse.jdt.ui,3.6.0.v20100602-1600,"org.eclipse.jdt.ui.PackageExplorer",1289374793187
activated,editor,org.eclipse.datatools.sqltools.sqlscrapbook,1.0.1.v201005250945,"org.eclipse.datatools.sqltools.sqlscrapbook.SQLScrapbookEditor",1289374794015
activated,view,org.eclipse.jdt.ui,3.6.0.v20100602-1600,"org.eclipse.jdt.ui.PackageExplorer",1289374839656
activated,editor,org.eclipse.datatools.sqltools.sqlscrapbook,1.0.1.v201005250945,"org.eclipse.datatools.sqltools.sqlscrapbook.SQLScrapbookEditor",1289374842125
activated,editor,org.eclipse.datatools.sqltools.sqlscrapbook,1.0.1.v201005250945,"org.eclipse.datatools.sqltools.sqlscrapbook.SQLScrapbookEditor",1289374842156
closed,editor,org.eclipse.datatools.sqltools.sqlscrapbook,1.0.1.v201005250945,"org.eclipse.datatools.sqltools.sqlscrapbook.SQLScrapbookEditor",1289374842156
activated,view,org.eclipse.jdt.ui,3.6.0.v20100602-1600,"org.eclipse.jdt.ui.PackageExplorer",1289374849734
opened,editor,org.eclipse.datatools.sqltools.sqlscrapbook,1.0.1.v201005250945,"org.eclipse.datatools.sqltools.sqlscrapbook.SQLScrapbookEditor",1289374852296
activated,editor,org.eclipse.datatools.sqltools.sqlscrapbook,1.0.1.v201005250945,"org.eclipse.datatools.sqltools.sqlscrapbook.SQLScrapbookEditor",1289374852468
executed,command,org.eclipse.ui,3.6.0.I20100603-1100,"org.eclipse.ui.edit.copy",1289374873593
executed,command,org.eclipse.ui,3.6.0.I20100603-1100,"org.eclipse.ui.edit.copy",1289374874312
deactivated,workbench,org.eclipse.ui.workbench,3.6.0.I20100603-1100,"",1289375194343
activated,workbench,org.eclipse.ui.workbench,3.6.0.I20100603-1100,"",1289375861265
deactivated,workbench,org.eclipse.ui.workbench,3.6.0.I20100603-1100,"",1289376162890
activated,workbench,org.eclipse.ui.workbench,3.6.0.I20100603-1100,"",1289376692359
activated,view,org.eclipse.jdt.ui,3.6.0.v20100602-1600,"org.eclipse.jdt.ui.PackageExplorer",1289376718531
opened,editor,org.eclipse.datatools.sqltools.sqlscrapbook,1.0.1.v201005250945,"org.eclipse.datatools.sqltools.sqlscrapbook.SQLScrapbookEditor",1289376764640
activated,editor,org.eclipse.datatools.sqltools.sqlscrapbook,1.0.1.v201005250945,"org.eclipse.datatools.sqltools.sqlscrapbook.SQLScrapbookEditor",1289376764890
activated,editor,org.eclipse.datatools.sqltools.sqlscrapbook,1.0.1.v201005250945,"org.eclipse.datatools.sqltools.sqlscrapbook.SQLScrapbookEditor",1289376837890
activated,editor,org.eclipse.datatools.sqltools.sqlscrapbook,1.0.1.v201005250945,"org.eclipse.datatools.sqltools.sqlscrapbook.SQLScrapbookEditor",1289376839203
activated,editor,org.eclipse.datatools.sqltools.sqlscrapbook,1.0.1.v201005250945,"org.eclipse.datatools.sqltools.sqlscrapbook.SQLScrapbookEditor",1289376844031
deactivated,workbench,org.eclipse.ui.workbench,3.6.0.I20100603-1100,"",1289377619250
activated,workbench,org.eclipse.ui.workbench,3.6.0.I20100603-1100,"",1289378519359
deactivated,workbench,org.eclipse.ui.workbench,3.6.0.I20100603-1100,"",1289379428171
activated,workbench,org.eclipse.ui.workbench,3.6.0.I20100603-1100,"",1289379909093
executed,command,org.eclipse.ui.workbench.texteditor,3.6.0.v20100520-0800,"org.eclipse.ui.edit.text.goto.lineStart",1289379918265
executed,command,org.eclipse.ui,3.6.0.I20100603-1100,"org.eclipse.ui.edit.delete",1289379921968
executed,command,org.eclipse.ui,3.6.0.I20100603-1100,"org.eclipse.ui.edit.delete",1289379923281
executed,command,org.eclipse.ui,3.6.0.I20100603-1100,"org.eclipse.ui.edit.delete",1289379923750
executed,command,org.eclipse.ui.workbench.texteditor,3.6.0.v20100520-0800,"org.eclipse.ui.edit.text.goto.lineStart",1289379927406
executed,command,org.eclipse.ui.workbench.texteditor,3.6.0.v20100520-0800,"org.eclipse.ui.edit.text.goto.lineStart",1289379930281
executed,command,org.eclipse.ui.workbench.texteditor,3.6.0.v20100520-0800,"org.eclipse.ui.edit.text.goto.lineStart",1289379930593
executed,command,org.eclipse.ui.workbench.texteditor,3.6.0.v20100520-0800,"org.eclipse.ui.edit.text.goto.lineStart",1289379934468
executed,command,org.eclipse.ui,3.6.0.I20100603-1100,"org.eclipse.ui.edit.copy",1289379941156
executed,command,org.eclipse.ui,3.6.0.I20100603-1100,"org.eclipse.ui.edit.paste",1289379942859
executed,command,org.eclipse.ui,3.6.0.I20100603-1100,"org.eclipse.ui.file.save",1289379961671
executed,command,org.eclipse.ui,3.6.0.I20100603-1100,"org.eclipse.ui.file.save",1289380025421
executed,command,org.eclipse.ui,3.6.0.I20100603-1100,"org.eclipse.ui.edit.delete",1289380043875
executed,command,org.eclipse.ui,3.6.0.I20100603-1100,"org.eclipse.ui.edit.delete",1289380044234
executed,command,org.eclipse.ui,3.6.0.I20100603-1100,"org.eclipse.ui.file.save",1289380046203
executed,command,org.eclipse.ui,3.6.0.I20100603-1100,"org.eclipse.ui.edit.copy",1289380137921
executed,command,org.eclipse.ui,3.6.0.I20100603-1100,"org.eclipse.ui.edit.copy",1289380139093
executed,command,org.eclipse.ui,3.6.0.I20100603-1100,"org.eclipse.ui.edit.paste",1289380141265
executed,command,org.eclipse.ui,3.6.0.I20100603-1100,"org.eclipse.ui.file.save",1289380143593
executed,command,org.eclipse.ui,3.6.0.I20100603-1100,"org.eclipse.ui.edit.undo",1289380173828
executed,command,org.eclipse.ui,3.6.0.I20100603-1100,"org.eclipse.ui.edit.undo",1289380174250
executed,command,org.eclipse.ui,3.6.0.I20100603-1100,"org.eclipse.ui.file.save",1289380177218
deactivated,workbench,org.eclipse.ui.workbench,3.6.0.I20100603-1100,"",1289380276703
activated,workbench,org.eclipse.ui.workbench,3.6.0.I20100603-1100,"",1289380277765
deactivated,workbench,org.eclipse.ui.workbench,3.6.0.I20100603-1100,"",1289380279250
activated,workbench,org.eclipse.ui.workbench,3.6.0.I20100603-1100,"",1289380282015
deactivated,workbench,org.eclipse.ui.workbench,3.6.0.I20100603-1100,"",1289380282859
activated,workbench,org.eclipse.ui.workbench,3.6.0.I20100603-1100,"",1289381281750
activated,view,org.eclipse.jdt.ui,3.6.0.v20100602-1600,"org.eclipse.jdt.ui.PackageExplorer",1289381454156
activated,editor,org.eclipse.datatools.sqltools.sqlscrapbook,1.0.1.v201005250945,"org.eclipse.datatools.sqltools.sqlscrapbook.SQLScrapbookEditor",1289381455156
executed,command,org.eclipse.ui.workbench.texteditor,3.6.0.v20100520-0800,"org.eclipse.ui.edit.text.select.lineEnd",1289381511171
executed,command,org.eclipse.ui,3.6.0.I20100603-1100,"org.eclipse.ui.edit.copy",1289381512312
executed,command,org.eclipse.ui,3.6.0.I20100603-1100,"org.eclipse.ui.edit.copy",1289381513062
executed,command,org.eclipse.ui,3.6.0.I20100603-1100,"org.eclipse.ui.edit.paste",1289381514984
activated,view,org.eclipse.jdt.ui,3.6.0.v20100602-1600,"org.eclipse.jdt.ui.PackageExplorer",1289381529984
opened,editor,org.eclipse.datatools.sqltools.sqlscrapbook,1.0.1.v201005250945,"org.eclipse.datatools.sqltools.sqlscrapbook.SQLScrapbookEditor",1289381539734
activated,editor,org.eclipse.datatools.sqltools.sqlscrapbook,1.0.1.v201005250945,"org.eclipse.datatools.sqltools.sqlscrapbook.SQLScrapbookEditor",1289381539906
activated,editor,org.eclipse.datatools.sqltools.sqlscrapbook,1.0.1.v201005250945,"org.eclipse.datatools.sqltools.sqlscrapbook.SQLScrapbookEditor",1289381558218
closed,editor,org.eclipse.datatools.sqltools.sqlscrapbook,1.0.1.v201005250945,"org.eclipse.datatools.sqltools.sqlscrapbook.SQLScrapbookEditor",1289381558218
executed,command,org.eclipse.ui.workbench.texteditor,3.6.0.v20100520-0800,"org.eclipse.ui.edit.text.goto.lineStart",1289381580515
executed,command,org.eclipse.ui.workbench.texteditor,3.6.0.v20100520-0800,"org.eclipse.ui.edit.text.select.lineEnd",1289381581312
executed,command,org.eclipse.ui,3.6.0.I20100603-1100,"org.eclipse.ui.edit.copy",1289381585609
executed,command,org.eclipse.ui,3.6.0.I20100603-1100,"org.eclipse.ui.edit.paste",1289381587718
executed,command,org.eclipse.ui,3.6.0.I20100603-1100,"org.eclipse.ui.edit.copy",1289381647921
executed,command,org.eclipse.ui.workbench.texteditor,3.6.0.v20100520-0800,"org.eclipse.ui.edit.text.select.lineEnd",1289381655046
executed,command,org.eclipse.ui,3.6.0.I20100603-1100,"org.eclipse.ui.edit.paste",1289381656187
executed,command,org.eclipse.ui,3.6.0.I20100603-1100,"org.eclipse.ui.edit.undo",1289381678062
executed,command,org.eclipse.ui.workbench.texteditor,3.6.0.v20100520-0800,"org.eclipse.ui.edit.text.goto.lineStart",1289381680500
executed,command,org.eclipse.ui.workbench.texteditor,3.6.0.v20100520-0800,"org.eclipse.ui.edit.text.goto.lineStart",1289381681281
executed,command,org.eclipse.ui,3.6.0.I20100603-1100,"org.eclipse.ui.edit.copy",1289381682875
executed,command,org.eclipse.ui,3.6.0.I20100603-1100,"org.eclipse.ui.edit.delete",1289381683843
executed,command,org.eclipse.ui,3.6.0.I20100603-1100,"org.eclipse.ui.edit.paste",1289381684312
executed,command,org.eclipse.ui,3.6.0.I20100603-1100,"org.eclipse.ui.edit.copy",1289381687156
executed,command,org.eclipse.ui,3.6.0.I20100603-1100,"org.eclipse.ui.edit.delete",1289381687578
executed,command,org.eclipse.ui,3.6.0.I20100603-1100,"org.eclipse.ui.edit.paste",1289381688093
executed,command,org.eclipse.ui,3.6.0.I20100603-1100,"org.eclipse.ui.edit.copy",1289381769109
executed,command,org.eclipse.ui,3.6.0.I20100603-1100,"org.eclipse.ui.edit.paste",1289381775328
executed,command,org.eclipse.ui,3.6.0.I20100603-1100,"org.eclipse.ui.edit.copy",1289381789453
executed,command,org.eclipse.ui,3.6.0.I20100603-1100,"org.eclipse.ui.edit.copy",1289381791000
executed,command,org.eclipse.ui,3.6.0.I20100603-1100,"org.eclipse.ui.edit.paste",1289381792984
executed,command,org.eclipse.ui.workbench.texteditor,3.6.0.v20100520-0800,"org.eclipse.ui.edit.text.goto.lineStart",1289381804921
executed,command,org.eclipse.ui.workbench.texteditor,3.6.0.v20100520-0800,"org.eclipse.ui.edit.text.goto.lineStart",1289381805140
executed,command,org.eclipse.ui,3.6.0.I20100603-1100,"org.eclipse.ui.file.save",1289381925671
activated,view,org.eclipse.jdt.ui,3.6.0.v20100602-1600,"org.eclipse.jdt.ui.PackageExplorer",1289382028093
activated,editor,org.eclipse.datatools.sqltools.sqlscrapbook,1.0.1.v201005250945,"org.eclipse.datatools.sqltools.sqlscrapbook.SQLScrapbookEditor",1289382029343
deactivated,workbench,org.eclipse.ui.workbench,3.6.0.I20100603-1100,"",1289382165531
activated,workbench,org.eclipse.ui.workbench,3.6.0.I20100603-1100,"",1289387589921
deactivated,workbench,org.eclipse.ui.workbench,3.6.0.I20100603-1100,"",1289387597890
activated,workbench,org.eclipse.ui.workbench,3.6.0.I20100603-1100,"",1289387599765
activated,view,org.eclipse.jdt.ui,3.6.0.v20100602-1600,"org.eclipse.jdt.ui.PackageExplorer",1289387603000
activated,editor,org.eclipse.datatools.sqltools.sqlscrapbook,1.0.1.v201005250945,"org.eclipse.datatools.sqltools.sqlscrapbook.SQLScrapbookEditor",1289387604031
executed,command,org.eclipse.ui,3.6.0.I20100603-1100,"org.eclipse.ui.edit.copy",1289387617312
activated,view,org.eclipse.jdt.ui,3.6.0.v20100602-1600,"org.eclipse.jdt.ui.PackageExplorer",1289387635750
activated,editor,org.eclipse.datatools.sqltools.sqlscrapbook,1.0.1.v201005250945,"org.eclipse.datatools.sqltools.sqlscrapbook.SQLScrapbookEditor",1289387646171
executed,command,org.eclipse.ui,3.6.0.I20100603-1100,"org.eclipse.ui.edit.paste",1289387649328
executed,command,org.eclipse.ui,3.6.0.I20100603-1100,"org.eclipse.ui.edit.delete",1289387656546
executed,command,org.eclipse.ui,3.6.0.I20100603-1100,"org.eclipse.ui.edit.delete",1289387656765
executed,command,org.eclipse.ui,3.6.0.I20100603-1100,"org.eclipse.ui.edit.delete",1289387661093
executed,command,org.eclipse.ui,3.6.0.I20100603-1100,"org.eclipse.ui.file.save",1289387683015
activated,view,org.eclipse.jdt.ui,3.6.0.v20100602-1600,"org.eclipse.jdt.ui.PackageExplorer",1289387711687
activated,editor,org.eclipse.datatools.sqltools.sqlscrapbook,1.0.1.v201005250945,"org.eclipse.datatools.sqltools.sqlscrapbook.SQLScrapbookEditor",1289387712437
executed,command,org.eclipse.ui.workbench.texteditor,3.6.0.v20100520-0800,"org.eclipse.ui.edit.text.goto.lineStart",1289387716687
executed,command,org.eclipse.ui,3.6.0.I20100603-1100,"org.eclipse.ui.edit.copy",1289387718406
activated,view,org.eclipse.jdt.ui,3.6.0.v20100602-1600,"org.eclipse.jdt.ui.PackageExplorer",1289387721375
activated,editor,org.eclipse.datatools.sqltools.sqlscrapbook,1.0.1.v201005250945,"org.eclipse.datatools.sqltools.sqlscrapbook.SQLScrapbookEditor",1289387722390
executed,command,org.eclipse.ui,3.6.0.I20100603-1100,"org.eclipse.ui.edit.paste",1289387725859
executed,command,org.eclipse.ui,3.6.0.I20100603-1100,"org.eclipse.ui.edit.copy",1289387730921
executed,command,org.eclipse.ui,3.6.0.I20100603-1100,"org.eclipse.ui.edit.paste",1289387733359
executed,command,org.eclipse.ui,3.6.0.I20100603-1100,"org.eclipse.ui.edit.delete",1289387736343
executed,command,org.eclipse.ui,3.6.0.I20100603-1100,"org.eclipse.ui.edit.copy",1289387738484
executed,command,org.eclipse.ui,3.6.0.I20100603-1100,"org.eclipse.ui.edit.paste",1289387739500
executed,command,org.eclipse.ui,3.6.0.I20100603-1100,"org.eclipse.ui.edit.delete",1289387740625
executed,command,org.eclipse.ui,3.6.0.I20100603-1100,"org.eclipse.ui.edit.delete",1289387740984
executed,command,org.eclipse.ui.workbench.texteditor,3.6.0.v20100520-0800,"org.eclipse.ui.edit.text.goto.lineStart",1289387743125
executed,command,org.eclipse.ui.workbench.texteditor,3.6.0.v20100520-0800,"org.eclipse.ui.edit.text.goto.lineStart",1289387743296
executed,command,org.eclipse.ui,3.6.0.I20100603-1100,"org.eclipse.ui.file.save",1289387745171
executed,command,org.eclipse.ui,3.6.0.I20100603-1100,"org.eclipse.ui.edit.delete",1289387775718
executed,command,org.eclipse.ui,3.6.0.I20100603-1100,"org.eclipse.ui.edit.delete",1289387779468
executed,command,org.eclipse.ui,3.6.0.I20100603-1100,"org.eclipse.ui.edit.delete",1289387782687
executed,command,org.eclipse.ui,3.6.0.I20100603-1100,"org.eclipse.ui.file.save",1289387787062
activated,view,org.eclipse.jdt.ui,3.6.0.v20100602-1600,"org.eclipse.jdt.ui.PackageExplorer",1289387809640
activated,editor,org.eclipse.datatools.sqltools.sqlscrapbook,1.0.1.v201005250945,"org.eclipse.datatools.sqltools.sqlscrapbook.SQLScrapbookEditor",1289387810312
executed,command,org.eclipse.ui.workbench.texteditor,3.6.0.v20100520-0800,"org.eclipse.ui.edit.text.goto.lineStart",1289387813125
executed,command,org.eclipse.ui,3.6.0.I20100603-1100,"org.eclipse.ui.edit.delete",1289387814828
executed,command,org.eclipse.ui,3.6.0.I20100603-1100,"org.eclipse.ui.file.save",1289387816375
executed,command,org.eclipse.ui.workbench.texteditor,3.6.0.v20100520-0800,"org.eclipse.ui.edit.text.goto.lineStart",1289387825562
executed,command,org.eclipse.ui,3.6.0.I20100603-1100,"org.eclipse.ui.edit.delete",1289387826671
executed,command,org.eclipse.ui,3.6.0.I20100603-1100,"org.eclipse.ui.file.save",1289387828500
activated,view,org.eclipse.jdt.ui,3.6.0.v20100602-1600,"org.eclipse.jdt.ui.PackageExplorer",1289387880156
activated,editor,org.eclipse.datatools.sqltools.sqlscrapbook,1.0.1.v201005250945,"org.eclipse.datatools.sqltools.sqlscrapbook.SQLScrapbookEditor",1289387881187
executed,command,org.eclipse.ui.workbench.texteditor,3.6.0.v20100520-0800,"org.eclipse.ui.edit.text.select.lineEnd",1289387960562
executed,command,org.eclipse.ui,3.6.0.I20100603-1100,"org.eclipse.ui.edit.copy",1289387961671
executed,command,org.eclipse.ui.workbench.texteditor,3.6.0.v20100520-0800,"org.eclipse.ui.edit.text.goto.lineEnd",1289387962015
executed,command,org.eclipse.ui,3.6.0.I20100603-1100,"org.eclipse.ui.edit.paste",1289387963046
executed,command,org.eclipse.ui.workbench.texteditor,3.6.0.v20100520-0800,"org.eclipse.ui.edit.text.goto.lineStart",1289387963609
executed,command,org.eclipse.ui.workbench.texteditor,3.6.0.v20100520-0800,"org.eclipse.ui.edit.text.goto.lineStart",1289387984781
executed,command,org.eclipse.ui,3.6.0.I20100603-1100,"org.eclipse.ui.edit.delete",1289387988421
executed,command,org.eclipse.ui,3.6.0.I20100603-1100,"org.eclipse.ui.file.save",1289387990562
deactivated,workbench,org.eclipse.ui.workbench,3.6.0.I20100603-1100,"",1289388596468
activated,workbench,org.eclipse.ui.workbench,3.6.0.I20100603-1100,"",1289388868187
deactivated,workbench,org.eclipse.ui.workbench,3.6.0.I20100603-1100,"",1289389260296
activated,workbench,org.eclipse.ui.workbench,3.6.0.I20100603-1100,"",1289389263390
deactivated,workbench,org.eclipse.ui.workbench,3.6.0.I20100603-1100,"",1289389267171
activated,workbench,org.eclipse.ui.workbench,3.6.0.I20100603-1100,"",1289393614046
deactivated,workbench,org.eclipse.ui.workbench,3.6.0.I20100603-1100,"",1289393618312
activated,workbench,org.eclipse.ui.workbench,3.6.0.I20100603-1100,"",1289394019343
deactivated,workbench,org.eclipse.ui.workbench,3.6.0.I20100603-1100,"",1289394020984
activated,workbench,org.eclipse.ui.workbench,3.6.0.I20100603-1100,"",1289400133421
executed,command,org.eclipse.ui.workbench.texteditor,3.6.0.v20100520-0800,"org.eclipse.ui.edit.text.goto.lineStart",1289400198421
executed,command,org.eclipse.ui.workbench.texteditor,3.6.0.v20100520-0800,"org.eclipse.ui.edit.text.goto.lineStart",1289400198734
executed,command,org.eclipse.datatools.sqltools.sqleditor,1.0.1.v201005130745,"org.eclipse.datatools.sqltools.sqleditor.toggleCommentAction",1289400207843
executed,command,org.eclipse.ui,3.6.0.I20100603-1100,"org.eclipse.ui.edit.copy",1289400224734
executed,command,org.eclipse.ui,3.6.0.I20100603-1100,"org.eclipse.ui.edit.delete",1289400225187
executed,command,org.eclipse.ui,3.6.0.I20100603-1100,"org.eclipse.ui.edit.paste",1289400228906
deactivated,workbench,org.eclipse.ui.workbench,3.6.0.I20100603-1100,"",1289400347015
activated,workbench,org.eclipse.ui.workbench,3.6.0.I20100603-1100,"",1289400347421
executed,command,org.eclipse.ui,3.6.0.I20100603-1100,"org.eclipse.ui.file.save",1289400347437
deactivated,workbench,org.eclipse.ui.workbench,3.6.0.I20100603-1100,"",1289400363968
activated,workbench,org.eclipse.ui.workbench,3.6.0.I20100603-1100,"",1289400371656
deactivated,workbench,org.eclipse.ui.workbench,3.6.0.I20100603-1100,"",1289400372406
activated,workbench,org.eclipse.ui.workbench,3.6.0.I20100603-1100,"",1289400381593
executed,command,org.eclipse.ui.workbench.texteditor,3.6.0.v20100520-0800,"org.eclipse.ui.edit.text.scroll.lineDown",1289400383312
executed,command,org.eclipse.ui.workbench.texteditor,3.6.0.v20100520-0800,"org.eclipse.ui.edit.text.scroll.lineDown",1289400383765
executed,command,org.eclipse.ui.workbench.texteditor,3.6.0.v20100520-0800,"org.eclipse.ui.edit.text.scroll.lineUp",1289400384406
executed,command,org.eclipse.ui.workbench.texteditor,3.6.0.v20100520-0800,"org.eclipse.ui.edit.text.scroll.lineUp",1289400384593
executed,command,org.eclipse.ui.workbench.texteditor,3.6.0.v20100520-0800,"org.eclipse.ui.edit.text.scroll.lineUp",1289400384781
executed,command,org.eclipse.ui.workbench.texteditor,3.6.0.v20100520-0800,"org.eclipse.ui.edit.text.scroll.lineDown",1289400385359
executed,command,org.eclipse.ui.workbench.texteditor,3.6.0.v20100520-0800,"org.eclipse.ui.edit.text.scroll.lineUp",1289400385781
executed,command,org.eclipse.ui.workbench.texteditor,3.6.0.v20100520-0800,"org.eclipse.ui.edit.text.scroll.lineUp",1289400386015
executed,command,org.eclipse.ui.workbench.texteditor,3.6.0.v20100520-0800,"org.eclipse.ui.edit.text.scroll.lineUp",1289400386234
executed,command,org.eclipse.ui.workbench.texteditor,3.6.0.v20100520-0800,"org.eclipse.ui.edit.text.scroll.lineUp",1289400386546
executed,command,org.eclipse.ui.workbench.texteditor,3.6.0.v20100520-0800,"org.eclipse.ui.edit.text.scroll.lineUp",1289400386734
executed,command,org.eclipse.ui.workbench.texteditor,3.6.0.v20100520-0800,"org.eclipse.ui.edit.text.scroll.lineUp",1289400387000
executed,command,org.eclipse.ui.workbench.texteditor,3.6.0.v20100520-0800,"org.eclipse.ui.edit.text.scroll.lineUp",1289400387234
activated,editor,org.eclipse.datatools.sqltools.sqlscrapbook,1.0.1.v201005250945,"org.eclipse.datatools.sqltools.sqlscrapbook.SQLScrapbookEditor",1289400390046
closed,editor,org.eclipse.datatools.sqltools.sqlscrapbook,1.0.1.v201005250945,"org.eclipse.datatools.sqltools.sqlscrapbook.SQLScrapbookEditor",1289400390046
activated,view,org.eclipse.jdt.ui,3.6.0.v20100602-1600,"org.eclipse.jdt.ui.PackageExplorer",1289400391937
opened,editor,org.eclipse.datatools.sqltools.sqlscrapbook,1.0.1.v201005250945,"org.eclipse.datatools.sqltools.sqlscrapbook.SQLScrapbookEditor",1289400393218
activated,editor,org.eclipse.datatools.sqltools.sqlscrapbook,1.0.1.v201005250945,"org.eclipse.datatools.sqltools.sqlscrapbook.SQLScrapbookEditor",1289400393375
executed,command,org.eclipse.ui.workbench.texteditor,3.6.0.v20100520-0800,"org.eclipse.ui.edit.text.scroll.lineDown",1289400395328
executed,command,org.eclipse.ui.workbench.texteditor,3.6.0.v20100520-0800,"org.eclipse.ui.edit.text.scroll.lineDown",1289400395703
executed,command,org.eclipse.ui.workbench.texteditor,3.6.0.v20100520-0800,"org.eclipse.ui.edit.text.scroll.lineDown",1289400395921
executed,command,org.eclipse.ui.workbench.texteditor,3.6.0.v20100520-0800,"org.eclipse.ui.edit.text.scroll.lineDown",1289400396062
executed,command,org.eclipse.ui.workbench.texteditor,3.6.0.v20100520-0800,"org.eclipse.ui.edit.text.scroll.lineDown",1289400396203
executed,command,org.eclipse.ui.workbench.texteditor,3.6.0.v20100520-0800,"org.eclipse.ui.edit.text.scroll.lineUp",1289400396984
executed,command,org.eclipse.ui.workbench.texteditor,3.6.0.v20100520-0800,"org.eclipse.ui.edit.text.scroll.lineUp",1289400397406
executed,command,org.eclipse.ui.workbench.texteditor,3.6.0.v20100520-0800,"org.eclipse.ui.edit.text.scroll.lineUp",1289400397562
executed,command,org.eclipse.ui.workbench.texteditor,3.6.0.v20100520-0800,"org.eclipse.ui.edit.text.scroll.lineUp",1289400397750
executed,command,org.eclipse.ui.workbench.texteditor,3.6.0.v20100520-0800,"org.eclipse.ui.edit.text.scroll.lineUp",1289400397937
executed,command,org.eclipse.ui.workbench.texteditor,3.6.0.v20100520-0800,"org.eclipse.ui.edit.text.scroll.lineUp",1289400398062
executed,command,org.eclipse.ui.workbench.texteditor,3.6.0.v20100520-0800,"org.eclipse.ui.edit.text.scroll.lineUp",1289400398390
executed,command,org.eclipse.ui.workbench.texteditor,3.6.0.v20100520-0800,"org.eclipse.ui.edit.text.scroll.lineUp",1289400398609
deactivated,workbench,org.eclipse.ui.workbench,3.6.0.I20100603-1100,"",1289400401921
activated,workbench,org.eclipse.ui.workbench,3.6.0.I20100603-1100,"",1289400403609
closed,workbench,org.eclipse.ui.workbench,3.6.0.I20100603-1100,"",1289400404640
stopped,bundle,org.eclipse.mylyn.ide.ant,3.4.0.v20100608-0100-e3x,"org.eclipse.mylyn.ide.ant",1289400408640
stopped,bundle,org.eclipse.mylyn.pde.ui,3.4.0.v20100608-0100-e3x,"org.eclipse.mylyn.pde.ui",1289400408781
stopped,bundle,org.eclipse.pde.ds.ui,1.0.100.v20100601,"org.eclipse.pde.ds.ui",1289400408921
stopped,bundle,org.eclipse.pde.runtime,3.4.200.v20100601,"org.eclipse.pde.runtime",1289400409031
stopped,bundle,org.eclipse.pde.ua.ui,1.0.100.v20100504,"org.eclipse.pde.ua.ui",1289400409234
stopped,bundle,org.eclipse.pde.ui.templates,3.4.200.v20100601,"org.eclipse.pde.ui.templates",1289400409406
stopped,bundle,org.eclipse.rap.ui.launch,1.3.0.20100615-1734,"org.eclipse.rap.ui.launch",1289400409453
stopped,bundle,com.instantiations.designer.rcp.databinding.xwt,8.0.0.r36x201009160656,"com.instantiations.designer.rcp.databinding.xwt",1289400409593
stopped,bundle,com.instantiations.designer.core.databinding.xml,8.0.0.r36x201009160634,"com.instantiations.designer.core.databinding.xml",1289400409671
stopped,bundle,com.instantiations.designer.rcp.databinding.emf,8.0.0.r36x201009160649,"com.instantiations.designer.rcp.databinding.emf",1289400409781
stopped,bundle,com.instantiations.designer.rcp.databinding,8.0.0.r36x201009160649,"com.instantiations.designer.rcp.databinding",1289400409859
stopped,bundle,com.instantiations.designer.swing.databinding,8.0.0.r36x201009160643,"com.instantiations.designer.swing.databinding",1289400409921
stopped,bundle,com.instantiations.designer.core.databinding,8.0.0.r36x201009160631,"com.instantiations.designer.core.databinding",1289400409953
stopped,bundle,com.instantiations.designer.rcp.GroupLayout,8.0.0.r36x201009160649,"com.instantiations.designer.rcp.GroupLayout",1289400410046
stopped,bundle,com.instantiations.designer.rcp.SWT_AWT,8.0.0.r36x201009160651,"com.instantiations.designer.rcp.SWT_AWT",1289400410156
stopped,bundle,com.instantiations.designer.rcp.nebula,8.0.0.r36x201009160649,"com.instantiations.designer.rcp.nebula",1289400410250
activated,perspective,org.eclipse.pde.ui,,"org.eclipse.pde.ui.PDEPerspective",1289400466437
started,bundle,org.eclipse.osgi,3.6.0.v20100517,"org.eclipse.osgi",1289400466437
started,bundle,org.eclipse.equinox.simpleconfigurator,1.0.200.v20100503,"org.eclipse.equinox.simpleconfigurator",1289400466453
started,bundle,com.ibm.icu,4.2.1.v20100412,"com.ibm.icu",1289400466484
started,bundle,org.eclipse.compare.core,3.5.100.I20100526-0800,"org.eclipse.compare.core",1289400466515
started,bundle,org.eclipse.core.contenttype,3.4.100.v20100505-1235,"org.eclipse.core.contenttype",1289400466515
started,bundle,org.eclipse.core.databinding.observable,1.3.0.I20100601-0800,"org.eclipse.core.databinding.observable",1289400466578
started,bundle,org.eclipse.core.expressions,3.4.200.v20100505,"org.eclipse.core.expressions",1289400466625
started,bundle,org.eclipse.core.filebuffers,3.5.100.v20100520-0800,"org.eclipse.core.filebuffers",1289400466687
started,bundle,org.eclipse.core.filesystem,1.3.0.v20100526-0737,"org.eclipse.core.filesystem",1289400466718
started,bundle,org.eclipse.core.net,1.2.100.I20100511-0800,"org.eclipse.core.net",1289400466750
started,bundle,org.eclipse.core.resources,3.6.0.v20100526-0737,"org.eclipse.core.resources",1289400466859
started,bundle,org.eclipse.core.runtime,3.6.0.v20100505,"org.eclipse.core.runtime",1289400466890
started,bundle,org.eclipse.core.runtime.compatibility,3.2.100.v20100505,"org.eclipse.core.runtime.compatibility",1289400466953
started,bundle,org.eclipse.core.runtime.compatibility.auth,3.2.200.v20100517,"org.eclipse.core.runtime.compatibility.auth",1289400466968
started,bundle,org.eclipse.debug.core,3.6.0.v20100519,"org.eclipse.debug.core",1289400467062
started,bundle,org.eclipse.emf.common,2.6.0.v20100614-1136,"org.eclipse.emf.common",1289400467093
started,bundle,org.eclipse.emf.ecore,2.6.0.v20100614-1136,"org.eclipse.emf.ecore",1289400467265
started,bundle,org.eclipse.emf.ecore.xmi,2.5.0.v20100521-1846,"org.eclipse.emf.ecore.xmi",1289400467312
started,bundle,org.eclipse.epp.usagedata.gathering,1.3.0.R201005261100,"org.eclipse.epp.usagedata.gathering",1289400467421
started,bundle,org.eclipse.epp.usagedata.recording,1.3.0.R201005261100,"org.eclipse.epp.usagedata.recording",1289400467453
started,bundle,org.eclipse.equinox.app,1.3.0.v20100512,"org.eclipse.equinox.app",1289400467515
started,bundle,org.eclipse.equinox.common,3.6.0.v20100503,"org.eclipse.equinox.common",1289400467531
started,bundle,org.eclipse.equinox.ds,1.2.0.v20100507,"org.eclipse.equinox.ds",1289400467609
started,bundle,org.eclipse.equinox.event,1.2.0.v20100503,"org.eclipse.equinox.event",1289400467609
